epoch;acc;loss
0;0.22808317124082328;1.7591681415886176
1;0.22813652073026253;1.7589381181255348
2;0.22813652073026253;1.7589007474850689
3;0.22813652073026253;1.758888591924732
4;0.22813590751774024;1.7589587961303208
5;0.22770420590204787;1.7596720898297804
6;0.2280758126905558;1.7594380723641152
7;0.22813468109269566;1.7596703026039027
8;0.228082558028301;1.7599487889390193
9;0.22792802847268384;1.7603739585670006
